SG00209503	Chanel	Chanel Cristalle Eau Verte Eau De Parfum Concentrée Spray
SG00364707	Tom Ford Beauty	Tom Ford Beauty Eau D'Ombré Leather EDT
SG00718933	Maison de L'Asie	Editions de Chapitre 01
SG00756880	Singapore Memories	Aranda de Orchid (20ml)
SG00906215	Versace	Versace Dylan Blush Pink EDP
SG00051905	Chanel	Chanel N°19 Eau De Parfum Spray
SG00520666	Maison Margiela	Maison Margiela Replica Dancing On The Moon EDP
SG00545660	Blé de Fonty	Blé de Fonty Perfume Beauty Pearls - Tropical Rainforest Night Melodies,0.15mlx30pcs
SG00797678	Penhaligon's	Penhaligon's The Cut Eau de Parfum
SG00215539	Burberry	Burberry Her Eau de Parfum Petals Limited Edition 88ml
SG00172713	Prada	Prada Infusion de Fleur D'Oranger EDP 100ml
SG00892809	Carolina Herrera	Carolina Herrera Bad Boy Cobalt Eau de Parfum
SG00049999	Chanel	Chanel Chance Eau De Parfum Spray
SG00051216	Issey Miyake	Issey Miyake Wood&Wood Eau de Parfum
SG00192011	Lanvin	Lanvin Les Fleurs De Lanvin Sunny Magnolia EDT
SG00214596	Burberry	Burberry My Burberry EDP
SG00824747	Adidas	Adidas Vibes Get Comfy Eau de Parfum
SG00943880	Anna Sui	Anna Sui Sundae Neon Twist EDT
SG00167988	Elizabeth Arden	Elizabeth Arden White Tea Eau de Parfum
SG00324668	Byredo	Byredo Desert Dawn EDP
SG00702702	Acqua di Parma	Acqua Di Parma Blu Mediterraneo Fico di Amalfi La Riserva EDP
SG00726713	Memo Paris	Memo Paris Madurai Eau De Parfum
SG00776972	MCM	Mcm Collection Jolly Rabbit EDP
SG00782858	L'occitane	L'occitane Cherry Blossom (Fleurs De Cerisier) EDT
SG00049619	Chanel	Chanel Allure Homme Sport Eau De Toilette Spray
SG00163427	Gucci	Gucci Guilty Parfum For Him
SG00167445	Paco Rabanne	Rabanne 1 Million Elixir Parfum Intense
SG00884753	Calvin Klein	Calvin Klein CK IN2U Eau De Toilette For Him
SG00047383	Jimmy Choo	Jimmy Choo EDP
SG00048833	Sisley	Sisley Izia Eau De Parfum
